Date,Day of the week,City/Place,Activity ,From (time),To (time),Link on google maps ,Relevant Link ,Relevant Link ,Relevant Link ,Important info,Reservation platform,Needs to do reservetions (button)
08.10.26,Thursday,Israel,"Flight from Israel to Tokyo (Narita Airport), Etihad Airlines, connection in Abu Dhabi ",15:15,,,,,,,,
09.10.26,Friday,Tokyo,"Arriving to Tokyo, Narita Airport",,12:45,https://maps.app.goo.gl/jL7984CuojAekoBB8,,,,,,
,,,"Airport to Hotel (The square hotel Ginza), Via Narita express",15:30,,https://maps.app.goo.gl/zBDPnwbiDoNhJr1m6,,,,,,
,,,Ginza Itoya - to buy notebookes for stamps ,16:00,,https://maps.app.goo.gl/ABcuyaijXumnKsZf6,,,,,,
,,,Lunch - Ichiran ramen ,17:00,,https://maps.app.goo.gl/CtJoEQtPA6YUVV1X8,,,,,,
,,,Shinjuku Kitamura Camera - Buying cameras for the trip,18:30,,https://maps.app.goo.gl/H5nntffhkd7CSaKGA,,,,,,
,,,Strolling around Shinjuku including Shinanoya Shinjuku (alcohol store) and others,19:00,,https://maps.app.goo.gl/8WjpYmjXsepG4YgQ8,,,,,,
,,,"Dinner - Kaiten Sushi (we will choose Spontaneously, options on the links)",21:00,,https://maps.app.goo.gl/WwkC99EveXhYovXq5,,,,,,
,,,Bar - Bar Livet,23:00,,https://maps.app.goo.gl/Yr4kDVZYCZMrbcin9,,,,,AutoReserve,Booked
10.10.26,Saturday,Tokyo,Matcha - Cloud Club Matcha,09:00,,https://maps.app.goo.gl/mv2J26rV8nCZF7oN7,,,,,,
,,,Coffee - Glitch Coffee,09:00,,https://maps.app.goo.gl/R1P3fVeAzRrJbEHd6,,,,,,
,,,Something sweet - GINZA Petit Custa,10:00,,https://maps.app.goo.gl/nvYXnuKYyJVTk5kWA,,,,,,
,,,Dashi Okume Tsukiji,11:00,,https://maps.app.goo.gl/WrE3DW7t4AqSzoS38,,,,You need to do the dashi assembly and then pick it up after an hour ,,
,,,Tsukiji Market,11:30,,https://maps.app.goo.gl/c6G3nzzAhP2baxyr9,,,,Eating goodies from the tasty stands,,
,,,Tea break - Nakajima Tea House,13:30,,https://maps.app.goo.gl/z4HTD5Bhrfj8xZ4M6,,,,,,
,,,Ad Museum Tokyo,14:30,,https://maps.app.goo.gl/yt7p4Caik1BqX9fM6,,,,,,
,,,Strolling around Ginza,,,,,,,,,
,,,"Dinner - Ginza Torishin, Yakitori Omakase",18:45,,https://maps.app.goo.gl/MFVKXHwkMUdSZgNC7,,,,,Tabelog,Booked
,,,Bar - FOLKLORE,21:00,,https://maps.app.goo.gl/Jv8cMSwCtfdfcSUs8,,,,,TableCheck,Booked
11.10.26,Sunday,Tokyo,Coffee - X coffee GINZA,08:00,,https://maps.app.goo.gl/ZFLHxDFcFuRYXSRQ9,,,,,,
,,,Oi Racecourse Flea Market,09:30,,https://maps.app.goo.gl/VMN4Q9ZewwqSRRvF8,https://whereisthemarket.com/market/oi-racecourse-flea-market-tokyo/,,,,,
,,,Spontaneous Lunch,12:30,,,,,,,,
,,,Shitamachi Museum,13:30,,Shitamachi Museum,,,,,,pending
,,,National Museum of Nature and Science,15:00,,https://maps.app.goo.gl/FDwgGAw5KF6sr1ss5,,,,,,pending
,,,If we have time - Zoo,,,https://maps.app.goo.gl/7FHohP7pvMnH79K67,,,,,,
,,,Strolling around Ueno park,,,,,,,,,
,,,Ameyoko market,19:00,,https://maps.app.goo.gl/ttjgNeuF8wCtDDGf8,https://www.japan-guide.com/e/e3012.html,https://ameyokoinfo.com/,,,,
,,,Dinner - Joumon Shibuya,22:00,,https://maps.app.goo.gl/7LLeJ8gBXrF7Da4u7,,,,,autoReserve,Booked
,,,Bar - LOST BAR \ The bellwood,23:00,,https://maps.app.goo.gl/vNK6jBXcJjHMyEgK8,https://maps.app.goo.gl/GDCMeLjG7GCD7W43A,,,,,pending
12.10.26,Monday,Tokyo,Coffee - leaves,10:00,,https://maps.app.goo.gl/r3fyiaKLskvVNaeE8,,,,,,
,,,Senso-Ji temple and the stalls that leads to it ,11:00,,https://maps.app.goo.gl/SoWQtNTVijesqMaG8,https://www.senso-ji.jp/,,,,,
,,,Strolling around kappabashi street (including knives store),13:00,,https://maps.app.goo.gl/tn1BACWZdHW7gMrD8,https://maps.app.goo.gl/mTg9t4CkBihKFbEr7,,,,,
,,,Dor's Dinner - Hakkoku,,Same as Danny's Dinner,Hakkoku,,,,,נפתח רק כמה שבועות לפני כל פעם,pending
,,,Danny's Dinner - Coco Nemaru Ginza,,Same as Dor's Dinner,https://maps.app.goo.gl/vUshPVWf2SjvAqT36,,,,,,pending
,,,Bar LIBRE GINZA,,,https://maps.app.goo.gl/US7mMHLSdd3uofS98,,,,,,pending
13.10.26,Tuesday,tokyo,one by one coffee Ginza,09:00,,https://maps.app.goo.gl/5qb4CjfdhZUgbrCx6,,,,,,
,,,RomanceCar to Hakone (buy bento at the train station),10:30,,,,,,,,
,,Hakone,Arriving Hakone,,,,,,,,,
,,,Hotel - Hakone Kowakudani Onsen Mizunooto,,,https://maps.app.goo.gl/zJFy6hSakKc6r2bw9,,,,,,
,,,Open air museum Hakone,,,https://maps.app.goo.gl/RJgScHDEZ6BjPihc6,,,,,,
,,,Relaxing in the hotel,,,,,,,,,
14.10.26,Wednesday,Hakone,Hakone Shrine,,,https://maps.app.goo.gl/LMfiVhPvASNUuXBUA,,,,,,
,,,Hakone Ropeway Ōwakudani Station,,,https://maps.app.goo.gl/5vARHvQLrn2Ls6wRA,,,,,,
,,,Shinkensen to Kyoto,,,,,,,,,
,,Kyoto,Arriving Kyoto ,,,,,,,,,
,,,Hotel - Henn na Hotel Premier Kyoto Gojo Karasuma‏,,,https://maps.app.goo.gl/ZUuB7QTSTem8cyZM7,,,,,,
,,,Strolling around Gion and Kamo river,,,https://maps.app.goo.gl/aPwAjgmrjrbWQbhV6,,,,,,
,,,Dinner - Shuz & Suzume (Izakaya night Experience) ,,,https://maps.app.goo.gl/oimjhNhpD4esqg4T7,https://maps.app.goo.gl/qZtVSMVJpBYUD7Dj8,,,,,
,,,Bar - Hachimonjiya‏‏,,,https://maps.app.goo.gl/PPemWM1oVTJsn6VC6,,,,,,
15.10.26,Thursday,Kyoto,day trip in Uji - heading from the hotel to Uji,08:00,,,,,,,,
,,,first stop - buying matcha at Marukyu Koyamaen Main Plant,08:45,,https://maps.app.goo.gl/QDC9Ag39ECQ9iBak8,,,,"Opens at 9:00, important to be there before because of the line ",,
,,,buying matcha at Yamamasa Koyamaen,09:30,,https://maps.app.goo.gl/dNFdFJMrprumxdyv8,,,,,,
,,,Breakfast - Tsujiri Uji Main Store,10:00,,https://maps.app.goo.gl/TYUtcoVaD4HTX5WT6,,,,,,
,,,"Strolling around the main street, buy more matcha, including MATSUSAKAYA KAHATI, which isn't in the main street, 8 mins walk",,,https://maps.app.goo.gl/3VQ8b39NkK6X32AX9,,,,,,
,,,Byōdo-in Temple,,,https://maps.app.goo.gl/kGXSXfPLSra6Aurz8,,,,,,
,,,Byodo-in Omotesando - street to buy ceramics,,,https://maps.app.goo.gl/CYEThabpxcXUvUH79,,,,,,
,,,"Lunch - Torikiku or Tsuen Main Branch or Tsubameya
",,,https://maps.app.goo.gl/DWsr6dTcK6tXopn9A,https://maps.app.goo.gl/avih7YD55eBEgpbz9,https://maps.app.goo.gl/DhNcWN4ESSFbW9FE9,,,,
,,,Matcha making workshop,,,https://maps.app.goo.gl/A6T3tnEAm9S5g6A9A,,,,,,pending
,,,Nintendo Museum,17-17:30,,https://maps.app.goo.gl/q7XUAGwBtYeRHQ8d6,,,,,,Booked
,,,Dinner and drinks - Fushimi Sake Village,,,https://maps.app.goo.gl/KkjbyxKiuQU6JBop9,,,,,,pending
16.10.26,Friday,Kyoto,"coffee - WEEKENDERS COFFEE ROASTERY opens at 8:00 / Goodman Roaster Kyoto
opens at 8:00 / IOLITE COFFEE ROASTERS opens at 7:30",,,https://maps.app.goo.gl/rMFxgpZ3MpRpU7gn8,https://maps.app.goo.gl/hUmyu2uag1rTKGuj7,https://maps.app.goo.gl/6dkm2unFrdkwidwL7,,,,
,,,Fushimi Inari Temple,~08:00:00,,https://maps.app.goo.gl/mXuSqeZv7VAae87P6,,,,,,
,,,Nishiki Market and area strolling,,,https://maps.app.goo.gl/x2sD6GpkwM2KXko66,https://maps.app.goo.gl/rMBqNSD6Cy6cg4aT7,,,,,
,,,Lunch - Nandattei (Ramen),,,https://maps.app.goo.gl/gxkdSrqmFkDrW5S27,,,,,,
,,,Jin Distillery - House of KI NO BI,14:00,,https://maps.app.goo.gl/qrzRnmj2QUapmRaU9,,,,,,pending
,,," Traditional teahouse - Kasagiya
(Ptitim recommendation) ",,Closed at 17:00,https://maps.app.goo.gl/vzqmPNbu7Kf6N9nW6,,,,,,
,,,"Ninenzaka and Sannenzaka
 street",,,https://maps.app.goo.gl/3bQSL1oRXnLSKHjm7,https://maps.app.goo.gl/yBjvZNV7CQ6mkGe97,,,,,
,,,Dinner - Rokkaku Ace / Kaiten Sushi Ginza Onodera Kyoto / Motoi gyoza,,,https://maps.app.goo.gl/1dFeLhjLZHHE8PFS6,https://maps.app.goo.gl/hDvT2kfCawvjxBNV8,https://maps.app.goo.gl/7bpoKD2zMTypPo4U9,,,,
,,,"Bar - music bar Beatle momo / bar mousse / mixology bar Smooth
",,,https://maps.app.goo.gl/wPKk1zErRg3upQBh8,https://maps.app.goo.gl/L8XymgkQZBHa9izWA,https://maps.app.goo.gl/PU96xxiPgv1bLrKG9,,,,pending
17.10.26,Saturday,Kyoto,"coffee - WEEKENDERS COFFEE ROASTERY opens at 8:00 / Goodman Roaster Kyoto
opens at 8:00 / IOLITE COFFEE ROASTERS opens at 7:30",,,https://maps.app.goo.gl/rMFxgpZ3MpRpU7gn8,https://maps.app.goo.gl/hUmyu2uag1rTKGuj7,https://maps.app.goo.gl/6dkm2unFrdkwidwL7,,,,
,,,"breakfast - 2/7 kitchen opens at 7:30 / RABBIT BAGELS 四条新町店
 opens at 9:00 / fiveran opens at 9:00 / Flip up! opens at 7:00",,,https://maps.app.goo.gl/SkV7cpDNVa8o1ff27,https://maps.app.goo.gl/wgj7aGD2BJLMDNaYA,https://maps.app.goo.gl/sX6BogEeq52J5YQY9,https://maps.app.goo.gl/tHMzTHZnJRx6CzKc7,,,
,,,Otagi Nenbutsuji - stone sculptures temple,,,https://maps.app.goo.gl/RnmvwTrEk38uRy1U8,,,,,,
,,,Arashiyama Monkey Park Iwatayama,,,https://maps.app.goo.gl/hVkra1V4YL6YqYvt9,,,,,,
,,,Arashiyama Bamboo Forest,,,https://maps.app.goo.gl/nFbN7akrJnyswT5WA,,,,,,
,,,Lunch - Kijurou,,,https://maps.app.goo.gl/7ENfHFe7EXxmXP3J6,,,,,,
,,,Kinkaku-ji (Golden Pavilion),,,https://maps.app.goo.gl/oxUdTq1tySsrTKvS9,,,,,,
,,,Nijo Castle,,,https://maps.app.goo.gl/aYjBesFpBhoJK7Ep6,,,,,,
,,,Free time (if remains... :)),,,,,,,,,
,,,"Dinner - やき肉玄趣 江洲
special Yakiniku",20:00,,https://maps.app.goo.gl/NcyjMZL5mXNRmC9b6,,,,,TableCheck,Booked
,,,"Bar - music bar Beatle momo / bar mousse / mixology bar Smooth
",,,https://maps.app.goo.gl/wPKk1zErRg3upQBh8,https://maps.app.goo.gl/L8XymgkQZBHa9izWA,https://maps.app.goo.gl/PU96xxiPgv1bLrKG9,,,,pending
18.10.26,Sunday,Kyoto,"coffee - WEEKENDERS COFFEE ROASTERY opens at 8:00 / Goodman Roaster Kyoto
opens at 8:00 / IOLITE COFFEE ROASTERS opens at 7:30",,,https://maps.app.goo.gl/rMFxgpZ3MpRpU7gn8,https://maps.app.goo.gl/hUmyu2uag1rTKGuj7,https://maps.app.goo.gl/6dkm2unFrdkwidwL7,,,,
,,,"breakfast - 2/7 kitchen opens at 7:30 / RABBIT BAGELS 四条新町店
 opens at 9:00 / fiveran opens at 9:00 / Flip up! opens at 7:00",,,https://maps.app.goo.gl/SkV7cpDNVa8o1ff27,https://maps.app.goo.gl/wgj7aGD2BJLMDNaYA,https://maps.app.goo.gl/sX6BogEeq52J5YQY9,https://maps.app.goo.gl/tHMzTHZnJRx6CzKc7,,,
,,Nara,Trip to Nara from kyoto,,,https://maps.app.goo.gl/GfRvdpbmjPrzTv2v8,,,,,,
,,,Kasuga Taisha shrine,,,https://maps.app.goo.gl/wLvjF2jC4mjiP6QW7?g_st=iw,,,,,,
,,,"Manyo Botanical Gardens",,,https://maps.app.goo.gl/CWnYef4wSGDAcMQ1A,,,,,,
,,,Todai-ji temple,,,https://maps.app.goo.gl/eU8chCXcD9iduMr26,,,,,,
,,,Lunch - Gyukatsu Kyoto Katsugyu Kintetsu Nara Ekimae / Kamaiki / Maguro Koya,,,https://maps.app.goo.gl/61ibJRbq6u8n5Lgf6,https://maps.app.goo.gl/t8qSDD8RpUcJij8b6,https://maps.app.goo.gl/wJ1SWnm1Wk6W6hXs6,,,,
,,,Higashimuki Shopping Street,,,https://maps.app.goo.gl/4ChXT13uoSsvQvgMA,,,,The kappabashi street of Nara,,
,,,Train to Osaka,,,,,,,,,
,,Osaka,Arriving Osaka,,,,,,,,,
,,,Hotel - Via Inn Prime Shinsaibashi-Yotsubashi‏,,,https://maps.app.goo.gl/qAtA5hDfr1xXnYwJ7,,,,,,
,,,"Strolling around America-mura
",,,https://maps.app.goo.gl/obM1WLJ1ex3WwJZB7,,,,,,
,,,Strolling around Dotonbori,,,https://maps.app.goo.gl/DuNt5VXGEcH83L1C7,,,,,,
,,,"Dinner - Wagyu and Seafood Ichiraku Dotonbori Branch / Japanese Buffet Dining Shinsaibashi Maruhana
",21:30,,https://maps.app.goo.gl/fM7FSEJQ2Q9SebM9A,https://maps.app.goo.gl/RWSuex6tardpV7bX7,,,,,
,,,Bar - Hollow Bar / Bar Nayuta,,,https://maps.app.goo.gl/99WoN4cPisLY9XEY8,https://maps.app.goo.gl/pErhWBQByPzEae7Y9,,,, (no reservations),
19.10.26,Monday,Osaka,Katsuoji Temple,08:00,,https://maps.app.goo.gl/JZM45mpE7RadKwAH8,,,,,,
,,,If we have time - Osaka Castle,,,https://maps.app.goo.gl/16PPTXMZUnrxxzTN6,,,,,,
,,,Coffee around the hotel - LiLo Coffee Roasters / Mel Coffee Roasters,,,https://maps.app.goo.gl/oUkTtKx9TU92eYuSA,https://maps.app.goo.gl/G55TfR6NHH6bPA216,,,,,
,,,Lunch Stroll - starting at Kuromon Market,,,https://maps.app.goo.gl/NcRDeBDSzY1AyLsu8,,,,,,
,,,1st stop - Maguroya Kurogin Kuromon,,,https://maps.app.goo.gl/JMrZoegZaAi136fp6,,,,,,
,,,Sennichimae Doguyasuji - Cookware Shopping Street,,,https://maps.app.goo.gl/ZdUS8hDXT4bdxqkg7,,,,,,
,,,Mint Record 本店,,,https://maps.app.goo.gl/R6DGoxZwehBqeMsMA,,,,,,
,,,2nd stop - Onigiri Gorichan Nankai Namba Station,,,https://maps.app.goo.gl/f32m84q4GTxDauXWA,,,,,,
,,,3rd stop - 551Horai Panchan,,,https://maps.app.goo.gl/JF7m9CAtjZ3tq95c8,,,,,,
,,,Namba Yasaka Jinja,,,https://maps.app.goo.gl/zwYQ8g125SSLg6Hg7,,,,,,
,,,"Shinsekai Market",,,https://maps.app.goo.gl/iSzx1eym4ZKd28fc6,,,,,,
,,,PRINGLES store,,open until 19:00,https://maps.app.goo.gl/UrpgwB7zsaZy1cuaA,,,,,,
,,,Dinner - Gyoza no Kacchan Umeda Ohatsu Tenjin Honten / Dojima Yakiniku Restaurant,,,https://maps.app.goo.gl/EVxo7RoTUtSS2ARN9,https://maps.app.goo.gl/Z3LMFbPnQoDHmczR7,,,,,pending
,,,Bar - KIRIP TRUMAN,,,https://maps.app.goo.gl/QVkoyjP8Lg97qd4d8,,,,,,pending
20.10.26,Tusesday,Osaka,Universal Studios Day,,,https://maps.app.goo.gl/y6VKx5XWcN1ANHeK9,,,,,Klook,Booked
,,,Dinner - Watanabe Curry,19:45,,https://maps.app.goo.gl/bEjANsMRHi1pZbYf6,,,,,,
,,,Bar - Tom&Jerry Bar ,,,https://maps.app.goo.gl/A6hhMzx2udPRX67o7,,,,,,
21.10.26,Wednesday,Osaka,Coffee around the hotel - Notequal Coffee,08:00,,https://maps.app.goo.gl/6sbmve4PDpouJNqD6,,,,,,
,,,Breakfast - RABBIT BAGELS 心斎橋店,10:00,,https://maps.app.goo.gl/tq64fD1RJjJk1TWH8,,,,,,
,,,Shinkensen to Tokyo,,,,,,,,,
,,,Team lab borderless / 21_21 DESIGN SIGHT,,,teamLab Borderless: MORI Building DIGITAL ART MUSEUM,https://maps.app.goo.gl/LwuLJWd4BH6PMZ6N9,,,,,pending
,,,Bar - Gen Yamamoto,,,Gen Yamamoto,,,,,מזמינים בטלפון שבוע מראש ,pending
,,,Dinner with Alon and Na'ama - PST pizza,21:30,,PST roppongi,,,,,TableCheck,Booked
22.10.26,Thursday,Tokyo,ABOUT LIFE COFFEE BREWERS,09:00,,ABOUT LIFE COFFEE BREWERS,,,,,,
,,,"A Happy Pancake Shibuya",11:00?,,https://maps.app.goo.gl/Mwa9AKydgG8Sj3kT9,,,,,,
,,,Strolling around Shibuya,,,,,,,,,
,,,MEGA Don Quijote ,,,https://maps.app.goo.gl/G4fr7TYYpK9AoLhY8,,,,,,
,,,Iyoshi Cola,,,https://maps.app.goo.gl/khV198DnKgP48qE17,,,,,,
,,,Lunch - Menchirashi,,,https://maps.app.goo.gl/5uNph7vJzib2tfRx9,,,,,,
,,,Sakurai Japanese Tea Experience,,,https://maps.app.goo.gl/ZVrhq58qEkAd3baW7,,,,,,pending
,,,Strolling around Shibuya,,,,,,,,,
,,,Option for afternoon coffee - THE ROASTERY BY NOZY COFFEE,,,https://maps.app.goo.gl/z1xanmGWZGGGuEpd8,,,,,,
,,,"Dor's Dinner - Nishiazabu Sushi Shin, Sushi Omakase, 2 michelin stars, 760 ils per person",20:30,Same as Danny's Dinner,https://maps.app.goo.gl/DCf2YYiQs3urpX1n7,,,,,byFood,Booked
,,,Danny's Dinner - WAGYU BURGER HIROKIYA,,Same as Dor's Dinner,https://maps.app.goo.gl/uXk8mpw7HsTVNiu79,,,,,,pending
,,,Bar - THESE,,,https://maps.app.goo.gl/v3tmrtTHwq86ECLZ8,,,,,צריך להזמין מקום בטלפון,pending
23.10.26,Friday,Tokyo,"Strolling around harajuku (Cat Street, Takeshita Steet)",09:00,,https://maps.app.goo.gl/QMoNjApqn6VQ84z3A,https://maps.app.goo.gl/QMoNjApqn6VQ84z3A,,,,,
,,,"KOFFEE MAMEYA",10:00,,https://maps.app.goo.gl/fkPJ4nBcyyZFVekm9,,,,,,
,,,Breakfast - AMAM DACOTAN,11:00,,https://maps.app.goo.gl/nU3mUciGnweEAU1L6,https://maps.app.goo.gl/QMoNjApqn6VQ84z3A,,,,,
,,,Tokyo Omotesando: Authentic Chopstick-Making Workshop,12:30,,https://maps.app.goo.gl/hvASBqtSeJe2Y4fB8,,,,,Get Your Guide,Booked
,,,"Strolling around harajuku (Cat Street, Takeshita Steet)",13:00,,https://maps.app.goo.gl/QMoNjApqn6VQ84z3A,https://maps.app.goo.gl/QMoNjApqn6VQ84z3A,,,,,
,,, Meiji Jingu,14:30,,https://maps.app.goo.gl/AfiepPgeRjGXePYc6,,,,,,
,,,Yoyogi park,15:30,,https://maps.app.goo.gl/Aoj65VpeoYnG9iSWA,,,,,,
,,,Maguro Mart,17:00,,https://maps.app.goo.gl/u5pNBUHb9MNcsui97,,,,,,חודש בדיוק מראש
,,,option 2 - Return to Yoyogi park - night pestival. open on friday 16:00-22:00,19:00,,https://maps.app.goo.gl/Aoj65VpeoYnG9iSWA,https://tokyo-night-market.com/,,,,,
,,,Strolling shinjuku,,,,,,,,,
,,,New York Perfect Cheese Keio Department Store Shinjuku,,20:30,https://maps.app.goo.gl/NdPwSHVR8VAD9GPz6,,,,,,
,,,COVERT COFFEE,,21:00,https://maps.app.goo.gl/kFdp1DTXPZZZkpU37,,,,,,
,,,Bar Benfiddich,,,https://maps.app.goo.gl/GbeZBYN7h8g5rmv86,,,,,נפתח כל חודש לפני ב-20 בחודש,pending
24.10.26,Saturday,Tokyo,Sugamo flea market‏‏,,,https://maps.app.goo.gl/KiCq9MgV7CUZUz278,https://nanikajapan.com/sugamo-flea-market/,,,,,
,,,Coffee - MMC,11:00,,https://maps.app.goo.gl/hEok29uVJWXEXyqC7,,,,,,
,,,Strolling Akihabara ,,,https://maps.app.goo.gl/zp5TvtkewbtuJzHu8,,,,,,
,,,Dinner - MAZ,18:15,,https://maps.app.goo.gl/Z4aSnd7ayMGNGq8x9,,,,,TableCheck,Booked
,,,Bar - The Bellwood / Lost Bar,,,https://maps.app.goo.gl/vNK6jBXcJjHMyEgK8,https://maps.app.goo.gl/GDCMeLjG7GCD7W43A,,,,,pending
25.10.26,Sunday,Tokyo,Free morning,,,,,,,,,
,,,Matsumoto Craft Soy Sauce Factory Tour - free,13:00,,https://maps.app.goo.gl/Zntj4rP5pG3San8L9,,,,,,
,,, Strolling Shimokitazawa ,,,https://maps.app.goo.gl/1SczsVNtEfXegYPf9,,,,,,
,,,option 2 - Return to Yoyogi park - night pestival. open on sunday 14:00-22:00,,,https://maps.app.goo.gl/Aoj65VpeoYnG9iSWA,https://tokyo-night-market.com/,,,,,
,,,Dinner - Kayamori / Tamawarai‏,,,https://maps.app.goo.gl/Mb5irwZLn4eCzTnt5,https://maps.app.goo.gl/xtqkv3VSQVeA5fRU6,,,,,
,,,Bar - The Bellwood / Lost Bar,,,https://maps.app.goo.gl/vNK6jBXcJjHMyEgK8,https://maps.app.goo.gl/GDCMeLjG7GCD7W43A,,,,,pending
26.10.26,Monday,Tokyo,Last tokyo time and return to our favorite places,,,,,,,,,
,,,Off to Narita Airport,,,https://maps.app.goo.gl/jL7984CuojAekoBB8,,,,,,
,,,"Flight from Tokyo to Israel (Narita Airport), Etihad Airlines, connection in Abu Dhabi ",17:20,,,,,,,,